bill_id,sponsor_1,sponsor_2
OKB00012040,OKL000181,
OKB00011985,OKL000147,
OKB00012041,OKL000042,OKL000123
OKB00012042,OKL000011,OKL000066
OKB00011983,OKL000008,OKL000078
OKB00010896,OKL000144,OKL000043
OKB00012015,OKL000130,OKL000027
OKB00012032,OKL000130,OKL000027
OKB00011992,OKL000078,OKL000008
OKB00012039,OKL000163,OKL000106
OKB00010567,OKL000015,OKL000189
OKB00011334,OKL000133,OKL000117
OKB00012020,OKL000027,OKL000130
OKB00011869,OKL000130,OKL000027
OKB00010965,OKL000173,OKL000042
OKB00011581,OKL000027,OKL000059
OKB00012002,OKL000027,OKL000130
OKB00011041,OKL000168,OKL000074
OKB00012003,OKL000130,OKL000027
OKB00012005,OKL000027,OKL000130
OKB00009857,OKL000071,OKL000158
OKB00011666,OKL000104,OKL000044
OKB00010499,OKL000057,OKL000155
OKB00011300,OKL000057,OKL000117
OKB00012026,OKL000027,OKL000130
OKB00012006,OKL000027,OKL000130
OKB00011996,OKL000027,OKL000130
OKB00011733,OKL000106,OKL000046
OKB00010563,OKL000056,OKL000019
OKB00010647,OKL000059,OKL000027
OKB00010145,OKL000165,OKL000163
OKB00011488,OKL000096,OKL000046
OKB00011999,OKL000027,OKL000130
OKB00010260,OKL000197,OKL000011
OKB00010890,OKL000173,OKL000042
OKB00011274,OKL000110,OKL000045
OKB00012034,OKL000130,OKL000027
OKB00010271,OKL000051,OKL000003
OKB00011180,OKL000031,OKL000189
OKB00010855,OKL000084,OKL000006
OKB00012016,OKL000027,OKL000130
OKB00010374,OKL000011,OKL000164
OKB00012001,OKL000130,OKL000027
OKB00012027,OKL000027,OKL000130
OKB00010727,OKL000093,OKL000027
OKB00010444,OKL000023,OKL000166
OKB00012038,OKL000106,OKL000046
OKB00012036,OKL000130,OKL000027
OKB00011268,OKL000168,OKL000106
OKB00010687,OKL000163,OKL000126
OKB00009876,OKL000071,OKL000023
OKB00011134,OKL000093,OKL000163
OKB00009929,OKL000044,
OKB00011792,OKL000015,
OKB00011830,OKL000020,OKL000057
OKB00011377,OKL000082,OKL000007
OKB00009959,OKL000032,OKL000130
OKB00012010,OKL000027,OKL000130
OKB00010705,OKL000004,OKL000074
OKB00010118,OKL000113,OKL000031
OKB00011997,OKL000027,OKL000130
OKB00010750,OKL000155,OKL000106
OKB00009772,OKL000159,OKL000086
OKB00011460,OKL000043,OKL000065
OKB00012014,OKL000130,OKL000027
OKB00011525,OKL000045,OKL000166
OKB00011529,,OKL000034
OKB00009812,OKL000098,OKL000011
OKB00010962,OKL000041,OKL000253
OKB00011002,OKL000020,OKL000057
OKB00011067,OKL000041,OKL000166
OKB00011975,OKL000027,OKL000130
OKB00011155,OKL000045,OKL000130
OKB00009890,OKL000163,OKL000166
OKB00011191,OKL000189,OKL000159
OKB00009897,OKL000023,OKL000149
OKB00009904,OKL000071,OKL000158
OKB00012008,OKL000130,OKL000027
OKB00011981,OKL000027,OKL000130
OKB00012030,OKL000027,OKL000130
OKB00012037,OKL000130,OKL000027
OKB00011836,OKL000046,OKL000074
OKB00011838,OKL000106,OKL000155
OKB00011995,OKL000166,OKL000044
OKB00010739,OKL000173,OKL000034
OKB00011711,OKL000008,OKL000078
OKB00011954,OKL000129,OKL000019
OKB00010472,OKL000028,OKL000110
OKB00011328,OKL000045,OKL000096
OKB00010719,OKL000041,OKL000253
OKB00010843,OKL000065,OKL000022
OKB00010372,OKL000147,OKL000041
OKB00011310,OKL000066,OKL000163
OKB00010602,OKL000015,OKL000148
OKB00011779,OKL000096,OKL000034
OKB00011203,OKL000090,OKL000258
OKB00011250,OKL000089,OKL000034
OKB00012023,OKL000255,
OKB00010262,OKL000157,OKL000084
OKB00011978,OKL000130,OKL000027
OKB00010353,OKL000043,OKL000144
OKB00010963,OKL000124,OKL000016
OKB00011027,OKL000107,OKL000040
OKB00011333,OKL000032,OKL000130
OKB00011619,OKL000045,OKL000074
OKB00011990,OKL000071,OKL000117
OKB00010956,OKL000117,OKL000130
OKB00010250,OKL000032,OKL000098
OKB00010042,OKL000108,OKL000044
OKB00011927,OKL000027,OKL000074
OKB00009860,OKL000044,OKL000178
OKB00010548,OKL000036,OKL000113
OKB00009974,OKL000262,
OKB00011993,OKL000166,OKL000044
OKB00012000,OKL000181,
OKB00011862,OKL000078,OKL000006
OKB00010846,OKL000113,OKL000016
OKB00010709,OKL000254,OKL000020
OKB00012009,OKL000178,
OKB00011068,OKL000124,OKL000019
OKB00011843,OKL000078,OKL000032
OKB00011785,OKL000078,OKL000046
OKB00010269,OKL000034,OKL000107
OKB00011523,OKL000027,
OKB00010763,OKL000063,OKL000161
OKB00010290,OKL000108,OKL000020
OKB00011516,OKL000078,OKL000044
OKB00011767,OKL000027,OKL000093
OKB00012035,OKL000078,OKL000008
OKB00012019,OKL000101,
OKB00012018,OKL000167,
OKB00011674,OKL000096,OKL000155
OKB00010616,OKL000074,OKL000155
OKB00011732,OKL000020,OKL000065
OKB00010951,OKL000084,OKL000159
OKB00010140,OKL000126,OKL000004
OKB00011477,OKL000045,OKL000074
OKB00011473,OKL000106,OKL000046
OKB00012012,OKL000027,OKL000130
OKB00012024,OKL000027,OKL000130
OKB00012025,OKL000027,OKL000130
OKB00012011,OKL000027,OKL000130
OKB00012022,OKL000027,OKL000130
OKB00012028,OKL000027,OKL000130
OKB00012029,OKL000027,OKL000130
OKB00012017,OKL000027,OKL000130
OKB00012021,OKL000027,OKL000130
OKB00012013,OKL000027,OKL000130
OKB00012033,OKL000114,OKL000200
OKB00012031,OKL000027,OKL000130
OKB00012007,OKL000178,
OKB00011991,OKL000114,
OKB00011994,OKL000027,OKL000130
OKB00012004,OKL000027,OKL000130
OKB00011939,OKL000036,OKL000140
OKB00011962,OKL000087,
OKB00011998,OKL000042,OKL000123
OKB00011987,OKL000163,
OKB00011984,OKL000166,
OKB00010351,OKL000254,OKL000117
OKB00011961,OKL000115,
OKB00011399,OKL000016,OKL000146
OKB00011928,OKL000130,OKL000027
OKB00011510,OKL000078,OKL000117
OKB00010556,OKL000034,OKL000055
OKB00010998,OKL000074,OKL000023
OKB00010091,OKL000032,OKL000130
OKB00010382,OKL000011,OKL000124
OKB00010970,OKL000027,OKL000123
OKB00011010,OKL000066,OKL000155
OKB00011614,OKL000078,OKL000155
OKB00011680,OKL000016,OKL000173
OKB00011826,OKL000072,OKL000003
OKB00010622,OKL000159,OKL000074
OKB00011400,OKL000066,OKL000163
OKB00011861,OKL000016,OKL000146
OKB00010806,OKL000023,OKL000075
OKB00010632,OKL000034,OKL000173
OKB00010229,OKL000034,OKL000173
OKB00010645,OKL000098,OKL000011
OKB00010326,OKL000183,OKL000003
OKB00009888,OKL000010,OKL000065
OKB00009757,OKL000042,OKL000077
OKB00011514,OKL000266,OKL000045
OKB00010802,OKL000187,OKL000006
OKB00010413,OKL000043,OKL000059
OKB00010324,OKL000074,OKL000046
OKB00011576,OKL000193,OKL000006
OKB00010000,OKL000098,OKL000027
OKB00011986,OKL000101,
OKB00011988,OKL000262,OKL000189
OKB00011989,OKL000132,
OKB00011953,OKL000065,
OKB00011979,OKL000196,
OKB00011976,OKL000006,
OKB00011930,OKL000130,OKL000027
OKB00011956,OKL000156,
OKB00011977,OKL000158,
OKB00011050,OKL000117,OKL000074
OKB00009994,OKL000178,OKL000046
OKB00011143,OKL000093,OKL000163
OKB00011757,OKL000176,
OKB00009954,OKL000044,OKL000106
OKB00009844,OKL000262,OKL000189
OKB00011187,OKL000169,OKL000176
OKB00009758,OKL000157,OKL000127
OKB00010288,OKL000044,OKL000104
OKB00010922,OKL000107,OKL000046
OKB00011239,OKL000043,OKL000144
OKB00010001,OKL000164,OKL000016
OKB00010535,OKL000044,OKL000127
OKB00010301,OKL000158,OKL000165
OKB00011210,OKL000012,OKL000089
OKB00010532,OKL000011,OKL000107
OKB00010298,OKL000019,OKL000065
OKB00010341,OKL000158,OKL000166
OKB00010425,OKL000158,OKL000165
OKB00009804,OKL000036,OKL000140
OKB00010099,OKL000019,OKL000164
OKB00010007,OKL000028,OKL000183
OKB00010277,OKL000019,OKL000164
OKB00011982,OKL000036,OKL000082
OKB00011970,OKL000019,
OKB00011980,OKL000159,OKL000166
OKB00011415,OKL000040,OKL000149
OKB00011972,OKL000159,
OKB00009945,OKL000006,OKL000058
OKB00011951,OKL000065,OKL000022
OKB00010073,OKL000181,OKL000063
OKB00009973,OKL000155,OKL000057
OKB00010668,OKL000195,OKL000019
OKB00011971,OKL000159,
OKB00011057,OKL000065,OKL000022
OKB00011397,OKL000027,OKL000195
OKB00010024,OKL000057,OKL000022
OKB00010740,OKL000129,OKL000155
OKB00009819,OKL000098,OKL000034
OKB00009825,OKL000161,OKL000072
OKB00009826,OKL000071,OKL000011
OKB00010404,OKL000034,OKL000166
OKB00011630,OKL000096,OKL000045
OKB00011642,OKL000172,OKL000034
OKB00011055,OKL000117,OKL000190
OKB00010451,OKL000075,OKL000176
OKB00011679,OKL000146,OKL000031
OKB00011266,OKL000066,OKL000044
OKB00011501,OKL000193,OKL000044
OKB00011540,OKL000146,OKL000031
OKB00010206,OKL000155,OKL000106
OKB00009763,OKL000098,OKL000011
OKB00009980,OKL000155,OKL000107
OKB00009786,OKL000032,OKL000130
OKB00010158,OKL000155,OKL000266
OKB00010523,OKL000023,OKL000074
OKB00010531,OKL000105,OKL000045
OKB00011243,OKL000117,OKL000066
OKB00010665,OKL000187,OKL000046
OKB00011646,OKL000155,OKL000063
OKB00010589,OKL000059,OKL000027
OKB00011291,OKL000093,OKL000163
OKB00011323,OKL000148,OKL000155
OKB00011324,OKL000155,OKL000106
OKB00009953,OKL000006,OKL000166
OKB00011974,OKL000058,
OKB00011963,OKL000071,
OKB00010544,OKL000011,OKL000098
OKB00011840,,
OKB00011450,OKL000034,OKL000066
OKB00011969,OKL000114,OKL000200
OKB00011973,OKL000027,
OKB00011196,OKL000011,OKL000140
OKB00010652,OKL000086,OKL000262
OKB00011965,OKL000196,
OKB00010021,OKL000158,OKL000165
OKB00009913,OKL000071,OKL000158
OKB00010721,OKL000202,OKL000019
OKB00010725,OKL000179,OKL000160
OKB00011820,OKL000163,OKL000066
OKB00009910,OKL000071,OKL000158
OKB00011018,OKL000041,OKL000179
OKB00009942,OKL000071,OKL000158
OKB00010640,OKL000158,OKL000165
OKB00010138,OKL000020,OKL000061
OKB00010506,OKL000158,OKL000165
OKB00011356,OKL000143,OKL000262
OKB00010354,OKL000125,OKL000016
OKB00010691,OKL000065,OKL000155
OKB00011407,OKL000027,OKL000063
OKB00010732,OKL000113,OKL000161
OKB00009769,OKL000071,OKL000158
OKB00010245,OKL000057,OKL000020
OKB00010961,OKL000149,OKL000045
OKB00009984,OKL000015,OKL000127
OKB00009989,OKL000040,OKL000109
OKB00010381,OKL000022,OKL000065
OKB00010979,OKL000104,OKL000016
OKB00010992,OKL000117,OKL000111
OKB00010995,OKL000157,OKL000098
OKB00009827,OKL000117,OKL000111
OKB00011000,OKL000034,OKL000126
OKB00011029,OKL000044,OKL000106
OKB00009840,OKL000055,OKL000034
OKB00009850,OKL000003,OKL000110
OKB00011657,OKL000034,OKL000166
OKB00009872,OKL000071,OKL000158
OKB00009998,OKL000134,OKL000258
OKB00011154,OKL000161,OKL000063
OKB00009948,OKL000027,OKL000074
OKB00009923,OKL000071,OKL000158
OKB00010476,OKL000194,OKL000031
OKB00009902,OKL000089,OKL000159
OKB00010063,OKL000157,OKL000124
OKB00010515,OKL000028,
OKB00010655,OKL000034,OKL000098
OKB00010489,OKL000195,OKL000158
OKB00009883,OKL000071,OKL000158
OKB00011188,OKL000046,OKL000166
OKB00011966,OKL000105,
OKB00011959,OKL000043,
OKB00011967,OKL000167,
OKB00011968,OKL000101,OKL000181
OKB00011964,OKL000071,
OKB00011456,OKL000166,OKL000015
OKB00010871,OKL000164,OKL000176
OKB00011943,OKL000012,OKL000055
OKB00011948,OKL000012,OKL000055
OKB00011960,OKL000126,
OKB00011957,OKL000034,
OKB00011941,OKL000012,OKL000055
OKB00010545,OKL000108,OKL000016
OKB00011831,OKL000266,OKL000255
OKB00011945,OKL000006,OKL000100
OKB00011317,OKL000031,OKL000078
OKB00011958,OKL000164,OKL000016
OKB00011566,OKL000172,OKL000262
OKB00010736,OKL000074,OKL000155
OKB00010345,OKL000187,OKL000036
OKB00011553,OKL000166,OKL000155
OKB00009874,OKL000158,OKL000143
OKB00011270,OKL000069,OKL000040
OKB00011335,OKL000101,OKL000054
OKB00010700,OKL000093,OKL000023
OKB00010534,OKL000006,OKL000179
OKB00009766,OKL000022,OKL000065
OKB00010776,OKL000191,OKL000255
OKB00010213,OKL000126,OKL000034
OKB00010079,OKL000157,OKL000124
OKB00010772,OKL000191,OKL000199
OKB00011234,OKL000041,OKL000197
OKB00011213,OKL000065,OKL000027
OKB00010577,OKL000178,OKL000158
OKB00009976,OKL000164,OKL000045
OKB00010780,OKL000110,OKL000028
OKB00010941,OKL000173,OKL000042
OKB00010153,OKL000126,OKL000034
OKB00011032,OKL000155,OKL000106
OKB00010437,OKL000125,OKL000042
OKB00010095,OKL000111,OKL000155
OKB00010539,OKL000027,OKL000069
OKB00011740,OKL000008,OKL000064
OKB00010103,OKL000111,OKL000042
OKB00011743,OKL000007,OKL000133
OKB00010201,OKL000126,OKL000034
OKB00011764,OKL000064,OKL000008
OKB00011790,OKL000096,OKL000034
OKB00010076,OKL000086,OKL000034
OKB00011402,OKL000124,OKL000019
OKB00011224,OKL000034,OKL000149
OKB00011369,OKL000065,OKL000023
OKB00009977,OKL000022,OKL000065
OKB00009981,OKL000098,OKL000011
OKB00011585,OKL000027,OKL000065
OKB00009997,OKL000160,OKL000057
OKB00011166,OKL000019,OKL000146
OKB00011955,OKL000082,
OKB00011950,OKL000114,OKL000200
OKB00010265,OKL000103,OKL000168
OKB00011338,OKL000100,OKL000006
OKB00010392,OKL000164,OKL000159
OKB00010603,OKL000183,OKL000028
OKB00011384,OKL000093,OKL000159
OKB00011946,OKL000129,
OKB00011938,OKL000183,OKL000028
OKB00011248,OKL000163,OKL000066
OKB00011282,OKL000149,OKL000156
OKB00011800,OKL000266,OKL000163
OKB00009800,OKL000006,OKL000051
OKB00011444,OKL000042,OKL000111
OKB00010218,OKL000028,OKL000130
OKB00011391,OKL000157,OKL000059
OKB00011417,OKL000027,OKL000166
OKB00010069,OKL000028,OKL000110
OKB00010529,OKL000127,OKL000159
OKB00009891,OKL000016,OKL000124
OKB00010658,OKL000059,OKL000176
OKB00009947,OKL000089,OKL000043
OKB00010047,OKL000181,OKL000063
OKB00011426,OKL000016,OKL000063
OKB00010305,OKL000015,OKL000166
OKB00010845,OKL000075,OKL000196
OKB00011482,OKL000155,OKL000065
OKB00010868,OKL000155,OKL000063
OKB00009968,OKL000071,OKL000054
OKB00010053,OKL000042,OKL000123
OKB00010331,OKL000197,OKL000008
OKB00010086,OKL000032,OKL000130
OKB00010143,OKL000081,OKL000036
OKB00010940,OKL000121,OKL000041
OKB00010088,OKL000103,OKL000163
OKB00010376,OKL000168,OKL000166
OKB00010093,OKL000032,OKL000130
OKB00010408,OKL000178,OKL000156
OKB00010410,OKL000027,OKL000187
OKB00011017,OKL000027,OKL000105
OKB00010412,OKL000074,OKL000045
OKB00009845,OKL000089,OKL000015
OKB00010433,OKL000183,OKL000155
OKB00010435,OKL000105,OKL000158
OKB00011073,OKL000143,OKL000262
OKB00010460,OKL000147,OKL000044
OKB00009858,OKL000055,OKL000023
OKB00010487,OKL000183,OKL000028
OKB00011121,OKL000104,OKL000034
OKB00011131,,OKL000028
OKB00010098,OKL000006,OKL000165
OKB00010502,OKL000027,OKL000187
OKB00011687,OKL000045,OKL000166
OKB00010511,OKL000100,OKL000031
OKB00009893,OKL000160,OKL000169
OKB00010540,OKL000105,OKL000158
OKB00011232,OKL000194,OKL000156
OKB00010035,OKL000032,OKL000130
OKB00009907,OKL000157,OKL000077
OKB00010106,OKL000111,OKL000042
OKB00009914,OKL000262,OKL000086
OKB00009922,OKL000160,OKL000059
OKB00011770,OKL000127,OKL000155
OKB00010596,OKL000034,OKL000173
OKB00009925,OKL000003,OKL000051
OKB00010597,OKL000034,OKL000104
OKB00010653,OKL000097,OKL000042
OKB00011382,OKL000164,OKL000045
OKB00011940,OKL000114,OKL000109
OKB00011932,OKL000065,
OKB00011949,OKL000117,OKL000066
OKB00011707,OKL000045,OKL000084
OKB00011491,OKL000109,OKL000157
OKB00011944,OKL000023,
OKB00010639,OKL000105,OKL000176
OKB00011353,,OKL000054
OKB00009777,OKL000098,OKL000006
OKB00009755,OKL000016,
OKB00010266,OKL000034,OKL000104
OKB00010309,OKL000189,OKL000176
OKB00011280,OKL000148,OKL000004
OKB00011200,OKL000117,OKL000057
OKB00011102,,OKL000159
OKB00010111,OKL000164,OKL000028
OKB00011411,OKL000165,OKL000117
OKB00010287,OKL000257,OKL000158
OKB00011496,OKL000028,OKL000101
OKB00010901,OKL000045,OKL000172
OKB00011543,OKL000078,OKL000155
OKB00009828,OKL000006,OKL000084
OKB00011608,OKL000078,OKL000040
OKB00010422,OKL000105,OKL000155
OKB00010061,OKL000165,OKL000158
OKB00011060,OKL000107,OKL000117
OKB00010455,OKL000034,OKL000267
OKB00009863,OKL000016,OKL000074
OKB00011119,OKL000023,OKL000166
OKB00011130,OKL000062,OKL000160
OKB00011138,OKL000124,OKL000019
OKB00011162,OKL000149,OKL000040
OKB00011688,OKL000165,OKL000158
OKB00011327,OKL000058,OKL000045
OKB00010689,OKL000187,OKL000028
OKB00009892,OKL000028,OKL000110
OKB00010684,OKL000034,OKL000173
OKB00009762,OKL000181,OKL000187
OKB00010777,OKL000168,OKL000065
OKB00011750,OKL000045,OKL000113
OKB00009796,OKL000036,OKL000140
OKB00009787,OKL000044,OKL000110
OKB00009811,OKL000044,OKL000143
OKB00011595,OKL000008,OKL000130
OKB00009834,OKL000163,OKL000066
OKB00009864,OKL000008,OKL000093
OKB00010482,OKL000161,OKL000063
OKB00010566,OKL000023,
OKB00011396,OKL000176,OKL000066
OKB00011934,OKL000158,
OKB00011936,OKL000124,
OKB00011929,OKL000130,
OKB00010717,OKL000041,OKL000179
OKB00010295,OKL000196,OKL000104
OKB00010830,OKL000063,OKL000161
OKB00010314,OKL000042,OKL000123
OKB00010932,OKL000130,OKL000032
OKB00011837,OKL000163,OKL000193
OKB00010711,,OKL000163
OKB00010966,OKL000041,OKL000197
OKB00010096,OKL000019,OKL000063
OKB00011947,OKL000027,
OKB00011952,OKL000028,OKL000110
OKB00011186,OKL000149,OKL000034
OKB00011613,OKL000255,OKL000063
OKB00011925,OKL000155,
OKB00011937,OKL000196,
OKB00011580,OKL000008,OKL000074
OKB00011712,OKL000045,OKL000058
OKB00009886,OKL000043,OKL000144
OKB00011920,OKL000045,OKL000074
OKB00010043,OKL000108,OKL000155
OKB00010805,OKL000041,OKL000253
OKB00010831,OKL000169,OKL000176
OKB00011298,OKL000124,OKL000016
OKB00010227,OKL000019,OKL000069
OKB00010457,OKL000178,OKL000044
OKB00011142,OKL000041,OKL000253
OKB00010659,OKL000061,OKL000262
OKB00010703,OKL000169,OKL000196
OKB00010230,OKL000254,OKL000181
OKB00010289,OKL000108,OKL000155
OKB00010824,OKL000158,OKL000105
OKB00010842,OKL000173,OKL000176
OKB00010850,OKL000075,OKL000163
OKB00010323,OKL000117,OKL000195
OKB00010013,OKL000042,OKL000107
OKB00010918,OKL000104,OKL000046
OKB00009830,OKL000016,OKL000111
OKB00009831,OKL000159,OKL000065
OKB00009833,OKL000117,OKL000190
OKB00010094,OKL000036,OKL000065
OKB00011031,OKL000113,OKL000010
OKB00011043,OKL000117,OKL000071
OKB00009852,OKL000157,OKL000065
OKB00009866,OKL000087,OKL000044
OKB00011107,,OKL000046
OKB00010501,OKL000189,OKL000196
OKB00009882,OKL000016,OKL000063
OKB00010104,OKL000023,OKL000172
OKB00011237,OKL000084,OKL000006
OKB00011265,OKL000046,OKL000166
OKB00009926,OKL000016,OKL000110
OKB00010605,OKL000061,OKL000042
OKB00011799,OKL000007,OKL000097
OKB00010107,OKL000111,OKL000042
OKB00009937,OKL000161,OKL000113
OKB00011332,OKL000040,OKL000109
OKB00010212,OKL000042,OKL000111
OKB00009950,OKL000006,OKL000084
OKB00009754,OKL000071,OKL000156
OKB00009879,OKL000032,OKL000130
OKB00009838,OKL000155,OKL000051
OKB00009919,OKL000032,OKL000130
OKB00011147,OKL000031,OKL000127
OKB00011278,OKL000087,OKL000027
OKB00011935,OKL000069,
OKB00011916,OKL000156,
OKB00011942,OKL000019,
OKB00010157,OKL000089,OKL000016
OKB00011231,OKL000179,OKL000041
OKB00009963,OKL000016,OKL000104
OKB00011919,OKL000155,
OKB00010698,OKL000041,OKL000058
OKB00009756,OKL000155,OKL000074
OKB00011095,,OKL000028
OKB00010490,OKL000059,OKL000027
OKB00011784,OKL000078,OKL000008
OKB00011795,OKL000027,OKL000078
OKB00010279,OKL000011,OKL000098
OKB00011926,,OKL000262
OKB00011368,OKL000011,OKL000098
OKB00010629,OKL000158,OKL000166
OKB00009951,OKL000044,
OKB00009802,OKL000160,OKL000165
OKB00011924,OKL000196,
OKB00011694,OKL000078,OKL000008
OKB00011571,OKL000166,OKL000045
OKB00010085,OKL000111,OKL000046
OKB00009788,OKL000117,OKL000071
OKB00010338,OKL000020,OKL000098
OKB00009849,OKL000176,OKL000164
OKB00010509,OKL000163,OKL000173
OKB00010522,OKL000034,OKL000166
OKB00009946,OKL000016,OKL000187
OKB00010009,OKL000042,OKL000123
OKB00010051,OKL000028,OKL000069
OKB00010307,OKL000011,OKL000195
OKB00011531,OKL000040,OKL000149
OKB00010416,OKL000253,OKL000006
OKB00010494,OKL000183,OKL000006
OKB00011931,OKL000140,
OKB00011933,OKL000107,
OKB00011853,OKL000166,OKL000045
OKB00011261,OKL000101,OKL000034
OKB00011923,OKL000087,
OKB00009865,OKL000262,OKL000086
OKB00010348,OKL000158,OKL000178
OKB00009887,OKL000010,OKL000166
OKB00010560,OKL000159,OKL000110
OKB00009869,OKL000004,OKL000125
OKB00011288,OKL000107,OKL000158
OKB00011065,OKL000041,OKL000253
OKB00010188,OKL000036,OKL000140
OKB00009797,OKL000042,OKL000077
OKB00010039,OKL000155,OKL000074
OKB00010627,OKL000163,OKL000093
OKB00009931,OKL000032,OKL000130
OKB00011443,OKL000007,OKL000082
OKB00010355,OKL000003,OKL000051
OKB00011791,OKL000045,OKL000166
OKB00011053,OKL000015,
OKB00011698,OKL000146,OKL000031
OKB00010829,OKL000031,
OKB00010240,OKL000040,OKL000126
OKB00010121,OKL000036,OKL000140
OKB00010010,OKL000004,OKL000148
OKB00011267,OKL000016,OKL000106
OKB00010056,OKL000156,OKL000071
OKB00010620,OKL000003,OKL000051
OKB00011241,OKL000133,OKL000007
OKB00010578,OKL000194,OKL000019
OKB00009943,OKL000027,
OKB00011558,,OKL000034
OKB00010092,OKL000103,OKL000114
OKB00011892,OKL000027,OKL000130
OKB00011695,OKL000063,OKL000155
OKB00010163,OKL000126,OKL000034
OKB00010114,OKL000003,OKL000051
OKB00010839,OKL000173,OKL000042
OKB00011771,OKL000046,OKL000104
OKB00011541,OKL000016,OKL000104
OKB00010638,OKL000055,OKL000023
OKB00011295,OKL000019,OKL000164
OKB00011544,OKL000078,OKL000008
OKB00010453,OKL000089,OKL000054
OKB00011398,OKL000107,OKL000042
OKB00011810,OKL000045,OKL000110
OKB00011235,OKL000031,OKL000110
OKB00009935,OKL000016,OKL000107
OKB00011452,OKL000027,OKL000065
OKB00011545,OKL000027,OKL000065
OKB00010179,OKL000160,OKL000107
OKB00010929,OKL000155,
OKB00009824,OKL000007,
OKB00010334,OKL000022,OKL000065
OKB00010058,OKL000155,OKL000063
OKB00011480,OKL000114,OKL000097
OKB00011359,OKL000065,OKL000155
OKB00010751,OKL000130,OKL000008
OKB00010174,OKL000185,OKL000023
OKB00010847,OKL000058,OKL000041
OKB00009842,OKL000071,OKL000176
OKB00010136,OKL000117,OKL000104
OKB00010321,OKL000043,OKL000175
OKB00010505,OKL000157,OKL000058
OKB00011588,,OKL000027
OKB00010507,OKL000105,OKL000158
OKB00011905,,OKL000058
OKB00010238,OKL000167,OKL000010
OKB00010129,OKL000185,OKL000023
OKB00010330,OKL000194,OKL000155
OKB00010182,OKL000126,OKL000045
OKB00011357,OKL000066,OKL000163
OKB00010730,OKL000031,OKL000164
OKB00010255,OKL000123,OKL000117
OKB00010133,OKL000159,OKL000164
OKB00011511,OKL000045,OKL000096
OKB00010960,OKL000041,OKL000189
OKB00009808,OKL000180,OKL000168
OKB00010986,OKL000113,OKL000015
OKB00010071,OKL000163,OKL000066
OKB00011738,OKL000195,OKL000034
OKB00011362,OKL000082,OKL000046
OKB00011387,OKL000125,OKL000016
OKB00010758,OKL000027,OKL000098
OKB00010767,OKL000027,OKL000106
OKB00010316,OKL000178,OKL000159
OKB00010083,OKL000103,OKL000117
OKB00010124,OKL000019,OKL000164
OKB00011487,OKL000193,OKL000031
OKB00010360,OKL000183,OKL000176
OKB00010152,OKL000165,OKL000160
OKB00010500,OKL000105,OKL000158
OKB00011193,OKL000133,OKL000007
OKB00011922,OKL000163,
OKB00011914,OKL000148,
OKB00011921,OKL000028,
OKB00011893,,OKL000058
OKB00010778,OKL000203,OKL000048
OKB00011644,OKL000106,OKL000016
OKB00011897,,OKL000130
OKB00011518,OKL000045,OKL000065
OKB00010858,OKL000084,OKL000006
OKB00011069,OKL000155,OKL000058
OKB00011092,OKL000140,OKL000028
OKB00011898,,OKL000130
OKB00010631,OKL000264,OKL000168
OKB00010903,OKL000065,OKL000117
OKB00010600,OKL000123,OKL000117
OKB00011812,OKL000200,OKL000114
OKB00011419,OKL000027,OKL000253
OKB00011484,OKL000027,OKL000093
OKB00011341,OKL000027,OKL000093
OKB00011828,OKL000040,OKL000109
OKB00011372,OKL000032,OKL000130
OKB00011896,,OKL000098
OKB00010294,OKL000015,OKL000093
OKB00010312,OKL000034,OKL000104
OKB00009790,OKL000006,OKL000058
OKB00009792,OKL000003,OKL000069
OKB00011917,OKL000040,OKL000172
OKB00010912,OKL000043,OKL000166
OKB00010945,OKL000043,OKL000166
OKB00011575,OKL000008,OKL000078
OKB00011048,OKL000031,OKL000075
OKB00010484,OKL000034,OKL000062
OKB00011710,OKL000176,OKL000166
OKB00009940,OKL000036,OKL000140
OKB00011622,OKL000007,OKL000057
OKB00011081,OKL000022,OKL000065
OKB00011676,OKL000020,OKL000057
OKB00011825,OKL000045,OKL000058
OKB00011851,OKL000027,OKL000093
OKB00011918,OKL000008,OKL000197
OKB00011911,OKL000118,
OKB00010184,OKL000164,OKL000031
OKB00010849,OKL000041,
OKB00010865,OKL000065,OKL000022
OKB00010049,OKL000019,OKL000148
OKB00011014,OKL000054,OKL000048
OKB00011775,OKL000155,OKL000166
OKB00011890,,OKL000110
OKB00010358,OKL000027,OKL000075
OKB00011899,,OKL000089
OKB00011330,OKL000140,
OKB00011884,,OKL000104
OKB00010142,OKL000097,OKL000036
OKB00010008,OKL000196,OKL000185
OKB00009768,OKL000181,OKL000074
OKB00009785,OKL000032,OKL000169
OKB00010027,OKL000015,OKL000189
OKB00011421,OKL000158,OKL000166
OKB00010921,OKL000027,OKL000074
OKB00011671,OKL000045,OKL000127
OKB00009920,OKL000161,OKL000063
OKB00009798,OKL000004,OKL000148
OKB00011615,OKL000161,OKL000071
OKB00009779,OKL000023,OKL000106
OKB00009895,OKL000163,OKL000264
OKB00009962,OKL000159,OKL000166
OKB00009775,OKL000015,OKL000166
OKB00011855,OKL000007,OKL000261
OKB00009903,OKL000021,OKL000100
OKB00010126,OKL000034,OKL000096
OKB00011428,OKL000015,OKL000166
OKB00010981,OKL000157,OKL000084
OKB00010899,OKL000046,OKL000063
OKB00010284,OKL000034,OKL000140
OKB00011591,OKL000007,OKL000133
OKB00011455,OKL000045,OKL000096
OKB00011891,,OKL000071
OKB00009767,OKL000006,OKL000065
OKB00010775,OKL000015,OKL000110
OKB00011459,OKL000023,OKL000064
OKB00009778,OKL000032,OKL000130
OKB00010285,OKL000034,OKL000063
OKB00010296,OKL000044,OKL000127
OKB00009967,OKL000159,OKL000107
OKB00010948,OKL000158,OKL000115
OKB00010975,OKL000015,OKL000166
OKB00010395,OKL000015,OKL000166
OKB00011616,OKL000045,OKL000096
OKB00011030,OKL000046,OKL000111
OKB00010064,OKL000015,OKL000166
OKB00010495,OKL000019,OKL000164
OKB00011715,OKL000114,OKL000200
OKB00010541,OKL000158,OKL000165
OKB00009906,OKL000158,OKL000121
OKB00009916,OKL000155,OKL000074
OKB00010594,OKL000157,OKL000058
OKB00011915,OKL000012,OKL000130
OKB00010682,OKL000023,OKL000075
OKB00009964,OKL000032,OKL000130
OKB00010196,OKL000006,OKL000084
OKB00010199,OKL000160,OKL000166
OKB00010232,OKL000183,OKL000040
OKB00010275,OKL000158,OKL000071
OKB00011461,OKL000008,OKL000078
OKB00009789,OKL000032,OKL000130
OKB00010872,OKL000042,OKL000077
OKB00010906,OKL000027,OKL000106
OKB00011880,,OKL000166
OKB00010081,OKL000176,OKL000166
OKB00011036,OKL000031,OKL000127
OKB00011912,OKL000200,OKL000114
OKB00010781,,OKL000028
OKB00010768,OKL000011,OKL000074
OKB00011910,OKL000106,
OKB00010134,OKL000161,OKL000065
OKB00010333,OKL000020,OKL000065
OKB00011108,OKL000069,OKL000160
OKB00010760,OKL000061,OKL000022
OKB00009912,OKL000163,OKL000166
OKB00009993,OKL000164,OKL000045
OKB00009982,OKL000164,OKL000176
OKB00011909,OKL000044,
OKB00010224,OKL000254,OKL000006
OKB00010835,OKL000176,OKL000164
OKB00009995,OKL000089,OKL000155
OKB00010660,OKL000125,OKL000016
OKB00011725,OKL000074,OKL000016
OKB00010892,OKL000069,OKL000004
OKB00011016,OKL000054,OKL000006
OKB00010661,OKL000059,OKL000157
OKB00010132,OKL000081,OKL000043
OKB00011902,OKL000004,
OKB00011913,OKL000027,
OKB00011908,OKL000181,
OKB00010649,OKL000044,OKL000089
OKB00011906,,
OKB00010097,OKL000023,OKL000074
OKB00011907,OKL000044,
OKB00011272,OKL000084,OKL000157
OKB00011901,OKL000006,
OKB00010728,OKL000101,OKL000158
OKB00010339,OKL000092,
OKB00011530,OKL000043,
OKB00010613,OKL000117,
OKB00010303,OKL000175,OKL000114
OKB00010389,OKL000168,
OKB00011904,OKL000032,OKL000096
OKB00010135,OKL000060,OKL000168
OKB00010139,OKL000126,
OKB00009938,OKL000071,
OKB00011405,OKL000166,OKL000027
OKB00011590,OKL000084,OKL000157
OKB00010409,OKL000059,OKL000157
OKB00010423,OKL000105,
OKB00010481,OKL000061,OKL000006
OKB00010533,OKL000257,
OKB00010582,OKL000057,OKL000020
OKB00011345,,
OKB00010813,OKL000169,
OKB00010841,OKL000140,
OKB00011263,OKL000004,
OKB00010650,OKL000057,OKL000020
OKB00009983,OKL000048,
OKB00010137,OKL000087,OKL000255
OKB00010955,OKL000087,OKL000010
OKB00011686,OKL000027,OKL000065
OKB00011388,OKL000255,
OKB00010718,OKL000016,OKL000063
OKB00011900,OKL000031,
OKB00011326,OKL000032,
OKB00011427,OKL000072,
OKB00010461,OKL000264,OKL000043
OKB00010528,OKL000055,OKL000117
OKB00011192,OKL000063,
OKB00011198,OKL000003,OKL000051
OKB00010883,OKL000040,
OKB00009839,OKL000003,OKL000051
OKB00011375,OKL000149,
OKB00010222,OKL000041,
OKB00011875,OKL000022,
OKB00010192,OKL000163,
OKB00009899,OKL000163,OKL000106
OKB00011903,OKL000034,
OKB00009829,OKL000176,OKL000195
OKB00010707,OKL000082,
OKB00010927,OKL000155,
OKB00010115,OKL000181,
OKB00010743,OKL000191,
OKB00011661,OKL000078,
OKB00010491,OKL000194,
OKB00011311,OKL000132,
OKB00011313,OKL000116,
OKB00010733,OKL000006,
OKB00011136,OKL000262,
OKB00010194,OKL000159,OKL000089
OKB00010889,OKL000101,OKL000158
OKB00010943,OKL000189,
OKB00010164,OKL000036,OKL000059
OKB00011290,OKL000031,
OKB00010608,OKL000167,
OKB00010181,OKL000181,OKL000064
OKB00011720,OKL000015,
OKB00010286,OKL000059,OKL000155
OKB00011889,OKL000006,
OKB00011044,OKL000020,OKL000057
OKB00010749,OKL000130,OKL000032
OKB00011497,OKL000166,
OKB00010873,OKL000066,
OKB00011548,OKL000007,OKL000082
OKB00011572,OKL000020,OKL000093
OKB00010469,OKL000186,
OKB00010065,OKL000165,OKL000117
OKB00010570,OKL000186,
OKB00011238,OKL000064,
OKB00011821,OKL000200,
OKB00011894,OKL000061,
OKB00011807,OKL000193,
OKB00010172,OKL000160,OKL000101
OKB00011299,OKL000065,
OKB00011258,OKL000082,OKL000007
OKB00010771,OKL000086,
OKB00010112,OKL000060,
OKB00010823,OKL000124,OKL000016
OKB00010623,OKL000027,OKL000074
OKB00011895,OKL000108,
OKB00010993,OKL000069,OKL000019
OKB00011023,OKL000124,
OKB00011796,OKL000072,
OKB00010498,OKL000105,
OKB00011704,OKL000266,
OKB00010101,OKL000103,OKL000117
OKB00011340,OKL000069,
OKB00010808,OKL000144,
OKB00010016,OKL000175,OKL000114
OKB00011277,OKL000064,
OKB00010614,OKL000167,
OKB00011342,OKL000087,OKL000010
OKB00009979,OKL000086,
OKB00009917,OKL000004,
OKB00011331,OKL000117,
OKB00011418,OKL000266,
OKB00010752,OKL000133,
OKB00010891,OKL000015,OKL000075
OKB00010337,OKL000123,
OKB00010363,OKL000167,
OKB00010949,OKL000066,
OKB00010156,OKL000185,
OKB00010396,OKL000254,
OKB00011004,OKL000011,OKL000065
OKB00011009,OKL000132,
OKB00010440,OKL000105,
OKB00010178,OKL000126,
OKB00009870,OKL000056,OKL000021
OKB00011116,OKL000090,
OKB00010510,OKL000034,
OKB00011735,OKL000266,
OKB00011227,OKL000010,
OKB00011526,OKL000172,
OKB00010105,OKL000111,OKL000042
OKB00010798,OKL000011,OKL000169
OKB00010352,OKL000196,
OKB00011307,OKL000093,
OKB00010633,OKL000125,OKL000016
OKB00009820,OKL000004,OKL000197
OKB00009992,OKL000022,OKL000065
OKB00009855,OKL000036,OKL000063
OKB00009972,OKL000163,
OKB00011422,OKL000008,
OKB00011623,OKL000106,
OKB00011292,OKL000110,OKL000155
OKB00011744,OKL000168,OKL000097
OKB00009985,OKL000022,OKL000065
OKB00011883,OKL000058,
OKB00011887,OKL000032,OKL000113
OKB00011888,OKL000008,OKL000078
OKB00010052,OKL000155,OKL000107
OKB00009881,OKL000036,OKL000140
OKB00010068,OKL000042,OKL000123
OKB00011301,OKL000133,
OKB00011885,OKL000034,
OKB00011868,OKL000130,OKL000027
OKB00010904,OKL000179,OKL000160
OKB00010973,OKL000114,
OKB00010989,OKL000077,OKL000042
OKB00010485,OKL000100,
OKB00011163,OKL000063,
OKB00011817,OKL000266,
OKB00011886,OKL000032,OKL000257
OKB00010347,OKL000103,OKL000016
OKB00011114,OKL000161,OKL000097
OKB00010078,OKL000156,
OKB00010656,OKL000257,OKL000117
OKB00011872,OKL000121,OKL000158
OKB00010302,OKL000103,OKL000159
OKB00009898,OKL000158,OKL000101
OKB00011483,OKL000016,
OKB00009837,OKL000160,OKL000179
OKB00009880,OKL000004,OKL000124
OKB00011255,OKL000124,
OKB00010716,OKL000115,
OKB00009875,OKL000021,OKL000100
OKB00010017,OKL000123,
OKB00011133,OKL000144,
OKB00010536,OKL000055,
OKB00010216,OKL000022,OKL000065
OKB00011365,OKL000133,
OKB00009776,OKL000028,OKL000110
OKB00009793,OKL000071,
OKB00009939,OKL000187,
OKB00011386,OKL000057,
OKB00010685,OKL000261,
OKB00009764,OKL000019,OKL000124
OKB00010731,OKL000158,OKL000266
OKB00010018,OKL000159,OKL000093
OKB00011765,OKL000045,
OKB00009878,OKL000044,
OKB00011252,OKL000110,
OKB00011470,OKL000158,OKL000124
OKB00010914,OKL000158,OKL000121
OKB00011003,OKL000158,
OKB00011066,OKL000158,OKL000266
OKB00011078,OKL000158,
OKB00011165,OKL000158,
OKB00010618,OKL000158,OKL000189
OKB00011257,OKL000158,OKL000166
OKB00011076,OKL000075,
OKB00011705,OKL000007,OKL000090
OKB00011860,OKL000161,OKL000072
OKB00010745,OKL000158,
OKB00009780,OKL000004,OKL000069
OKB00009781,OKL000159,OKL000166
OKB00010617,OKL000253,
OKB00009999,OKL000006,OKL000193
OKB00011755,OKL000189,
OKB00011242,OKL000065,
OKB00010657,OKL000032,OKL000130
OKB00011760,OKL000045,OKL000066
OKB00011866,OKL000065,
OKB00009990,OKL000004,OKL000148
OKB00010074,OKL000004,
OKB00011761,OKL000146,
OKB00009971,OKL000159,
OKB00009896,OKL000006,OKL000061
OKB00011371,OKL000023,OKL000121
OKB00010984,OKL000159,OKL000123
OKB00011157,OKL000262,OKL000084
OKB00011179,OKL000176,OKL000058
OKB00011225,OKL000064,
OKB00010766,OKL000065,
OKB00011493,OKL000189,
OKB00011539,OKL000166,
OKB00011560,OKL000189,
OKB00010397,OKL000189,
OKB00011026,OKL000066,
OKB00011651,OKL000146,
OKB00010456,OKL000092,
OKB00011677,OKL000146,
OKB00011881,OKL000155,
OKB00009815,OKL000163,
OKB00009752,OKL000006,
OKB00009771,OKL000003,OKL000051
OKB00010057,OKL000160,OKL000166
OKB00009873,OKL000042,OKL000077
OKB00009885,OKL000006,OKL000051
OKB00009894,OKL000159,OKL000166
OKB00011829,OKL000176,
OKB00011392,OKL000158,OKL000051
OKB00010934,OKL000157,OKL000059
OKB00010972,OKL000157,OKL000059
OKB00010443,OKL000043,OKL000051
OKB00011112,OKL000117,OKL000173
OKB00011127,OKL000157,OKL000059
OKB00010635,OKL000158,OKL000257
OKB00010648,OKL000158,OKL000051
OKB00011363,OKL000157,OKL000059
OKB00010954,OKL000075,
OKB00011643,OKL000166,
OKB00010475,OKL000125,OKL000004
OKB00010032,OKL000123,OKL000023
OKB00011404,OKL000107,
OKB00011882,OKL000015,
OKB00010038,OKL000042,OKL000077
OKB00011873,OKL000010,OKL000116
OKB00011877,OKL000010,OKL000123
OKB00010214,OKL000060,
OKB00011833,OKL000200,
OKB00010670,OKL000147,
OKB00010702,OKL000155,
OKB00011389,OKL000132,
OKB00010223,OKL000114,
OKB00011440,OKL000007,
OKB00010308,OKL000019,OKL000146
OKB00010317,OKL000019,OKL000069
OKB00010015,OKL000163,OKL000074
OKB00010019,OKL000042,OKL000111
OKB00010022,OKL000163,OKL000074
OKB00009846,OKL000181,
OKB00009862,OKL000159,OKL000096
OKB00011857,OKL000045,
OKB00011818,OKL000041,
OKB00011827,OKL000007,
OKB00010375,OKL000158,OKL000178
OKB00010463,OKL000043,OKL000089
OKB00011160,OKL000155,OKL000101
OKB00011864,OKL000008,
OKB00010804,OKL000010,
OKB00011469,OKL000007,
OKB00011515,OKL000007,
OKB00010898,OKL000127,
OKB00010403,OKL000261,
OKB00011100,OKL000104,
OKB00011156,OKL000149,
OKB00011176,OKL000149,
OKB00010557,OKL000261,
OKB00010200,OKL000127,OKL000155
OKB00011849,OKL000007,
OKB00011412,OKL000163,
OKB00011414,OKL000157,
OKB00010720,OKL000045,
OKB00011429,OKL000045,
OKB00011431,OKL000045,
OKB00011436,OKL000114,
OKB00010259,OKL000261,
OKB00011876,OKL000034,
OKB00010803,OKL000065,
OKB00010828,OKL000163,OKL000106
OKB00011475,OKL000044,
OKB00011479,OKL000046,
OKB00011867,OKL000167,
OKB00010900,OKL000010,
OKB00010915,OKL000043,
OKB00011549,OKL000007,
OKB00011550,OKL000045,
OKB00009806,OKL000163,
OKB00011565,OKL000016,
OKB00011570,OKL000031,
OKB00011573,OKL000007,
OKB00011584,OKL000042,OKL000123
OKB00010388,OKL000015,
OKB00010398,OKL000015,
OKB00011593,OKL000007,
OKB00011605,OKL000010,
OKB00011013,OKL000011,
OKB00011620,OKL000045,
OKB00011624,OKL000045,
OKB00011629,OKL000007,
OKB00010168,OKL000114,
OKB00010169,OKL000127,OKL000155
OKB00011636,OKL000114,
OKB00011049,OKL000011,
OKB00011647,OKL000041,
OKB00011648,OKL000155,
OKB00011655,OKL000041,
OKB00011075,OKL000155,
OKB00009871,OKL000160,
OKB00011678,OKL000010,
OKB00011701,OKL000045,
OKB00011702,OKL000007,
OKB00011703,OKL000045,
OKB00011723,OKL000045,
OKB00011737,OKL000114,
OKB00010034,OKL000042,OKL000123
OKB00011742,OKL000010,
OKB00011746,OKL000041,
OKB00011752,OKL000007,
OKB00011763,OKL000016,
OKB00011269,OKL000043,
OKB00011768,OKL000016,
OKB00011276,OKL000010,
OKB00011772,OKL000008,
OKB00011283,OKL000158,
OKB00009927,OKL000019,OKL000149
OKB00009930,OKL000019,OKL000069
OKB00011801,OKL000015,
OKB00011806,OKL000045,
OKB00011808,OKL000114,
OKB00011809,OKL000045,
OKB00011839,OKL000041,
OKB00009955,OKL000019,OKL000069
OKB00010046,OKL000157,
OKB00011844,OKL000200,
OKB00010256,OKL000023,
OKB00009759,OKL000023,
OKB00010048,OKL000023,
OKB00009978,OKL000032,
OKB00009905,OKL000004,
OKB00009957,OKL000010,
OKB00010833,OKL000066,
OKB00010516,OKL000195,
OKB00011354,OKL000077,
OKB00010519,OKL000023,
OKB00010524,OKL000147,
OKB00009761,OKL000258,OKL000178
OKB00010496,OKL000092,
OKB00010005,OKL000163,
OKB00010729,OKL000004,
OKB00009760,OKL000036,
OKB00010514,OKL000105,
OKB00010513,OKL000059,
OKB00010520,OKL000092,
OKB00010521,OKL000167,
OKB00010116,OKL000157,
OKB00009753,OKL000258,
OKB00009966,OKL000023,
OKB00009924,OKL000023,
OKB00010508,OKL000130,OKL000027
OKB00010517,OKL000130,OKL000027
OKB00010699,OKL000058,
OKB00010770,OKL000132,
OKB00011439,OKL000172,
OKB00011465,OKL000078,
OKB00010836,OKL000058,
OKB00010837,OKL000061,
OKB00011486,OKL000155,
OKB00011503,OKL000193,
OKB00011505,OKL000193,
OKB00009915,OKL000175,
OKB00011256,OKL000129,
OKB00010504,OKL000130,OKL000027
OKB00010512,OKL000130,OKL000027
OKB00010518,OKL000105,
OKB00010525,OKL000059,
OKB00010526,OKL000105,
OKB00010527,OKL000130,OKL000027
OKB00010610,OKL000195,
OKB00010584,OKL000254,
OKB00011756,OKL000193,
OKB00011281,OKL000016,
OKB00011285,OKL000061,
OKB00011351,OKL000124,
OKB00011355,OKL000058,
OKB00010784,OKL000043,
OKB00011370,OKL000173,
OKB00011848,OKL000101,
OKB00011464,OKL000124,
OKB00011260,OKL000108,
OKB00011794,OKL000101,
OKB00010587,OKL000253,
OKB00010782,OKL000065,
OKB00011259,OKL000115,
OKB00010282,OKL000186,
OKB00010859,OKL000126,
OKB00010759,OKL000115,
OKB00010346,OKL000118,
OKB00010364,OKL000264,
OKB00010405,OKL000092,
OKB00010243,OKL000167,
OKB00010669,OKL000167,
OKB00011766,OKL000124,
OKB00010592,OKL000100,
OKB00011437,OKL000106,
OKB00010697,OKL000108,
OKB00010436,OKL000158,
OKB00010692,OKL000041,
OKB00010785,OKL000168,
OKB00011462,OKL000074,
OKB00010809,OKL000069,
OKB00009911,OKL000004,
OKB00009928,OKL000016,
OKB00011358,OKL000255,
OKB00011262,OKL000041,
OKB00011273,OKL000121,
OKB00011466,OKL000007,
OKB00011561,OKL000074,
OKB00010791,OKL000040,
OKB00009908,OKL000003,
OKB00010037,OKL000255,
OKB00010356,OKL000043,
OKB00010291,OKL000253,
OKB00010195,OKL000262,
OKB00010561,OKL000130,OKL000027
OKB00010562,OKL000130,OKL000027
OKB00011253,OKL000178,
OKB00011229,OKL000126,
OKB00011747,OKL000193,
OKB00011783,OKL000200,
OKB00011305,OKL000041,
OKB00011754,OKL000124,
OKB00011309,OKL000045,
OKB00010102,OKL000158,OKL000055
OKB00010198,OKL000114,
OKB00011406,OKL000051,
OKB00010693,OKL000010,
OKB00010695,OKL000108,
OKB00011408,OKL000166,
OKB00010704,OKL000065,
OKB00011409,OKL000103,
OKB00010706,OKL000104,
OKB00010228,OKL000186,
OKB00011413,OKL000146,
OKB00010231,OKL000179,
OKB00010233,OKL000147,
OKB00010234,OKL000158,OKL000107
OKB00011416,OKL000155,
OKB00010082,OKL000111,
OKB00010712,OKL000143,
OKB00011336,OKL000159,
OKB00010779,OKL000171,
OKB00010734,OKL000126,
OKB00010119,OKL000126,
OKB00010120,OKL000097,
OKB00010773,OKL000055,
OKB00010737,OKL000191,
OKB00011449,OKL000155,
OKB00010267,OKL000130,OKL000027
OKB00010769,OKL000058,
OKB00011442,OKL000072,
OKB00010248,OKL000186,
OKB00010268,OKL000194,
OKB00011441,OKL000078,
OKB00010261,OKL000130,OKL000027
OKB00010754,OKL000010,
OKB00010683,OKL000034,
OKB00010258,OKL000061,
OKB00010757,OKL000115,
OKB00010765,OKL000110,
OKB00011381,OKL000031,
OKB00010762,OKL000090,
OKB00010761,OKL000065,
OKB00010254,OKL000261,
OKB00010257,OKL000147,
OKB00010756,OKL000179,
OKB00010786,OKL000090,
OKB00010263,OKL000264,
OKB00011445,OKL000078,
OKB00010272,OKL000130,OKL000027
OKB00010774,OKL000144,
OKB00011451,OKL000146,
OKB00011454,OKL000124,
OKB00010788,OKL000160,OKL000179
OKB00009773,OKL000042,OKL000111
OKB00010794,OKL000055,
OKB00010278,OKL000105,
OKB00009765,OKL000160,
OKB00011446,OKL000078,
OKB00010050,OKL000034,
OKB00009770,OKL000004,
OKB00010789,OKL000266,
OKB00009774,OKL000010,
OKB00010123,OKL000004,
OKB00010801,OKL000041,
OKB00009783,OKL000006,
OKB00010292,OKL000028,
OKB00010130,OKL000114,
OKB00009784,OKL000004,
OKB00010011,OKL000262,
OKB00010299,OKL000034,
OKB00010310,OKL000114,
OKB00009791,OKL000160,
OKB00009795,OKL000023,
OKB00010054,OKL000004,OKL000066
OKB00009969,OKL000023,
OKB00010014,OKL000023,
OKB00010342,OKL000117,
OKB00009799,OKL000010,
OKB00010141,OKL000114,
OKB00009986,OKL000023,OKL000106
OKB00010084,OKL000176,
OKB00009987,OKL000010,
OKB00009801,OKL000159,
OKB00011879,OKL000155,
OKB00010144,OKL000114,
OKB00009803,OKL000176,
OKB00009805,OKL000004,
OKB00010087,OKL000181,OKL000164
OKB00009988,OKL000023,
OKB00009807,OKL000160,
OKB00010366,OKL000158,
OKB00009809,OKL000004,
OKB00009810,OKL000163,
OKB00010149,OKL000159,
OKB00009813,OKL000010,
OKB00009814,OKL000160,
OKB00010090,OKL000010,
OKB00009816,OKL000021,
OKB00009817,OKL000003,
OKB00009818,OKL000004,
OKB00009821,OKL000255,
OKB00010020,OKL000155,
OKB00009822,OKL000042,
OKB00009823,OKL000160,
OKB00010159,OKL000114,
OKB00010023,OKL000028,
OKB00010400,OKL000023,
OKB00009832,OKL000159,
OKB00010160,OKL000114,
OKB00010059,OKL000262,
OKB00009835,OKL000044,
OKB00010161,OKL000155,
OKB00010025,OKL000023,OKL000104
OKB00010026,OKL000023,
OKB00010420,OKL000158,OKL000146
OKB00009841,OKL000160,
OKB00009843,OKL000010,
OKB00010165,OKL000159,
OKB00009970,OKL000021,
OKB00009848,OKL000004,OKL000133
OKB00010060,OKL000157,
OKB00009851,OKL000168,
OKB00009853,OKL000163,
OKB00009854,OKL000161,
OKB00009856,OKL000016,
OKB00010175,OKL000114,
OKB00010177,OKL000036,
OKB00009861,OKL000163,
OKB00009867,OKL000028,
OKB00009868,OKL000159,OKL000164
OKB00010474,OKL000043,
OKB00010183,OKL000023,
OKB00010031,OKL000163,
OKB00010062,OKL000004,
OKB00010185,OKL000034,
OKB00010486,OKL000023,OKL000166
OKB00010186,OKL000019,
OKB00009877,OKL000255,
OKB00010067,OKL000163,
OKB00009884,OKL000032,
OKB00010190,OKL000023,
OKB00010191,OKL000010,
OKB00009889,OKL000004,
OKB00010537,OKL000023,
OKB00010547,OKL000160,
OKB00009900,OKL000004,
OKB00010197,OKL000158,OKL000101
OKB00010072,OKL000036,
OKB00009909,OKL000043,
OKB00010579,OKL000023,
OKB00010581,OKL000114,
OKB00010202,OKL000155,
OKB00010036,OKL000155,
OKB00009921,OKL000016,
OKB00010207,OKL000044,
OKB00010002,OKL000010,
OKB00011842,OKL000101,
OKB00010611,OKL000043,
OKB00010612,OKL000010,
OKB00009932,OKL000004,
OKB00009933,OKL000176,
OKB00010209,OKL000159,
OKB00010040,OKL000163,
OKB00009941,OKL000262,
OKB00010041,OKL000028,
OKB00010003,OKL000023,
OKB00010004,OKL000028,
OKB00010641,OKL000155,
OKB00010217,OKL000181,
OKB00011378,OKL000041,
OKB00009975,OKL000004,
OKB00010667,OKL000044,
OKB00009958,OKL000006,
OKB00009960,OKL000176,
OKB00010110,OKL000015,
OKB00009961,OKL000023,
OKB00010679,OKL000092,
OKB00011447,OKL000193,
OKB00010270,OKL000059,
OKB00011438,OKL000101,
OKB00011468,OKL000166,
OKB00011758,OKL000124,
OKB00011739,OKL000101,
OKB00010755,OKL000077,
OKB00010264,OKL000130,OKL000027
OKB00010128,OKL000097,
OKB00010790,OKL000132,
OKB00010722,OKL000041,
OKB00010747,OKL000045,
OKB00010253,OKL000043,
OKB00010764,OKL000168,
OKB00011448,OKL000101,
OKB00010783,OKL000041,
OKB00010787,OKL000161,
OKB00010793,OKL000176,
OKB00010795,OKL000041,
OKB00010814,OKL000023,
OKB00010817,OKL000041,
OKB00010818,OKL000041,
OKB00010821,OKL000041,
OKB00011476,OKL000101,
OKB00010840,OKL000041,
OKB00010852,OKL000031,
OKB00010853,OKL000117,
OKB00011490,OKL000109,
OKB00010319,OKL000117,
OKB00010869,OKL000168,
OKB00010923,OKL000045,
OKB00010924,OKL000041,
OKB00010357,OKL000168,
OKB00010938,OKL000041,
OKB00010939,OKL000155,
OKB00011555,OKL000124,
OKB00010950,OKL000016,
OKB00010368,OKL000015,
OKB00010953,OKL000043,
OKB00010958,OKL000041,
OKB00010967,OKL000117,
OKB00011870,OKL000124,
OKB00010387,OKL000015,
OKB00010974,OKL000041,
OKB00010977,OKL000157,
OKB00010978,OKL000043,
OKB00010982,OKL000041,
OKB00010991,OKL000255,
OKB00010999,OKL000041,
OKB00011008,OKL000124,
OKB00011022,OKL000041,
OKB00011626,OKL000200,
OKB00011039,OKL000159,
OKB00011042,OKL000161,
OKB00011047,OKL000010,
OKB00011071,OKL000045,
OKB00010459,OKL000158,OKL000105
OKB00011074,OKL000196,
OKB00011086,OKL000196,
OKB00011089,OKL000010,
OKB00011091,OKL000041,
OKB00011094,OKL000041,
OKB00011097,OKL000255,
OKB00011098,OKL000181,
OKB00011106,OKL000041,
OKB00011111,OKL000041,
OKB00011113,OKL000041,
OKB00011123,OKL000064,
OKB00011132,OKL000158,
OKB00011137,OKL000196,
OKB00011685,OKL000200,
OKB00011693,OKL000072,
OKB00011171,OKL000041,
OKB00011177,OKL000041,
OKB00011178,OKL000003,
OKB00011184,OKL000043,
OKB00011197,OKL000159,
OKB00011204,OKL000262,
OKB00011205,OKL000041,
OKB00011206,OKL000041,
OKB00011209,OKL000041,
OKB00011211,OKL000043,
OKB00011220,OKL000041,
OKB00010555,OKL000015,
OKB00011223,OKL000016,
OKB00011233,OKL000004,OKL000063
OKB00010569,OKL000043,
OKB00011240,OKL000041,
OKB00010574,OKL000159,OKL000107
OKB00011254,OKL000016,
OKB00011264,OKL000041,
OKB00011279,OKL000117,
OKB00011306,OKL000012,
OKB00010619,OKL000159,OKL000065
OKB00011314,OKL000045,
OKB00010621,OKL000130,OKL000027
OKB00010636,OKL000043,
OKB00011343,OKL000157,
OKB00011344,OKL000101,
OKB00011361,OKL000041,
OKB00009949,OKL000255,
OKB00011364,OKL000258,
OKB00011736,OKL000084,
OKB00011453,OKL000096,
OKB00011352,OKL000077,
OKB00011349,OKL000116,
OKB00010108,OKL000111,
OKB00010643,OKL000147,
OKB00010694,OKL000015,
OKB00010696,OKL000016,
OKB00010723,OKL000004,OKL000254
OKB00009936,OKL000004,
OKB00010109,OKL000160,OKL000179
OKB00010221,OKL000023,OKL000074
OKB00010671,OKL000023,OKL000166
OKB00010225,OKL000027,OKL000166
OKB00010226,OKL000130,OKL000027
OKB00010701,OKL000093,
OKB00009965,OKL000203,
OKB00011410,OKL000200,
OKB00010113,OKL000097,
OKB00010708,OKL000164,
OKB00010710,OKL000124,
OKB00010235,OKL000186,
OKB00010713,OKL000148,
OKB00010714,OKL000069,
OKB00010715,OKL000093,
OKB00010236,OKL000057,
OKB00010117,OKL000126,
OKB00010724,OKL000144,
OKB00010726,OKL000129,
OKB00011420,OKL000101,
OKB00010237,OKL000100,
OKB00010239,OKL000130,OKL000027
OKB00010735,OKL000173,
OKB00011423,OKL000124,
OKB00011424,OKL000078,
OKB00011425,OKL000124,
OKB00010241,OKL000130,OKL000027
OKB00010738,OKL000064,
OKB00010242,OKL000130,OKL000027
OKB00010244,OKL000130,OKL000027
OKB00010741,OKL000077,
OKB00010742,OKL000173,
OKB00010246,OKL000130,OKL000027
OKB00010744,OKL000065,
OKB00010746,OKL000066,
OKB00010247,OKL000186,
OKB00010249,OKL000130,OKL000027
OKB00010748,OKL000132,
OKB00010251,OKL000158,OKL000107
OKB00011430,OKL000045,
OKB00011432,OKL000096,
OKB00011433,OKL000103,
OKB00011434,OKL000106,
OKB00010252,OKL000147,
OKB00011435,OKL000106,
OKB00010753,,
OKB00010273,OKL000092,
OKB00010274,OKL000059,
OKB00010276,OKL000130,OKL000027
OKB00011457,OKL000200,
OKB00011458,OKL000155,
OKB00010792,OKL000065,
OKB00010122,OKL000060,
OKB00010796,OKL000171,
OKB00010797,OKL000132,
OKB00011463,OKL000106,
OKB00010799,OKL000143,
OKB00010800,OKL000115,
OKB00010280,OKL000130,OKL000027
OKB00010281,OKL000130,OKL000027
OKB00010283,OKL000130,OKL000027
OKB00009782,OKL000071,
OKB00010807,OKL000069,
OKB00010810,OKL000140,
OKB00010811,OKL000133,
OKB00010812,OKL000123,
OKB00010127,OKL000097,
OKB00010815,OKL000149,
OKB00011467,OKL000266,
OKB00010816,OKL000132,
OKB00010293,OKL000257,
OKB00010819,OKL000164,
OKB00010820,OKL000061,
OKB00010822,OKL000133,
OKB00010131,OKL000060,
OKB00010825,OKL000149,
OKB00010826,OKL000058,
OKB00010012,OKL000175,
OKB00010297,OKL000055,
OKB00010827,OKL000086,
OKB00011471,OKL000106,
OKB00010832,OKL000090,
OKB00010300,OKL000100,
OKB00011472,OKL000103,
OKB00010834,OKL000082,
OKB00011474,OKL000078,
OKB00010304,OKL000130,OKL000027
OKB00011478,OKL000166,
OKB00010306,OKL000130,OKL000027
OKB00010838,OKL000066,
OKB00011481,OKL000255,
OKB00010844,OKL000087,
OKB00010311,OKL000118,
OKB00011485,OKL000074,
OKB00010848,OKL000124,
OKB00010313,OKL000130,OKL000027
OKB00010851,OKL000041,
OKB00010854,OKL000107,
OKB00010856,OKL000132,
OKB00010857,OKL000129,
OKB00010315,OKL000130,OKL000027
OKB00011489,OKL000103,
OKB00010318,OKL000130,OKL000027
OKB00010860,OKL000061,
OKB00010861,OKL000140,
OKB00010862,,
OKB00010863,OKL000168,
OKB00010864,OKL000054,
OKB00011492,OKL000101,
OKB00011494,OKL000109,
OKB00011495,OKL000124,
OKB00010320,OKL000059,
OKB00010866,OKL000169,
OKB00010867,OKL000179,
OKB00010322,OKL000086,
OKB00010870,OKL000066,
OKB00011498,OKL000193,
OKB00011499,OKL000106,
OKB00011500,OKL000193,
OKB00010325,OKL000118,
OKB00010874,OKL000087,
OKB00010875,OKL000125,
OKB00010876,OKL000061,
OKB00010877,OKL000191,
OKB00010327,OKL000130,OKL000027
OKB00011502,OKL000074,
OKB00011504,OKL000124,
OKB00010878,OKL000132,
OKB00010328,OKL000130,OKL000027
OKB00010879,OKL000110,
OKB00010880,OKL000173,
OKB00010329,OKL000264,
OKB00011506,OKL000063,
OKB00011507,OKL000103,
OKB00011508,OKL000103,
OKB00010881,OKL000065,
OKB00010882,,
OKB00009794,OKL000071,
OKB00011509,OKL000163,OKL000106
OKB00010884,OKL000075,
OKB00010885,OKL000179,
OKB00011512,OKL000096,
OKB00010332,OKL000130,OKL000027
OKB00010886,OKL000191,
OKB00011513,OKL000101,
OKB00010887,OKL000107,
OKB00010888,OKL000061,
OKB00011517,OKL000199,
OKB00010335,OKL000130,OKL000027
OKB00010336,OKL000147,
OKB00010893,OKL000140,
OKB00010894,OKL000178,
OKB00010895,OKL000040,
OKB00011519,OKL000007,
OKB00010055,OKL000165,
OKB00011520,OKL000124,
OKB00011521,OKL000193,
OKB00010897,OKL000101,
OKB00011522,OKL000124,
OKB00011524,OKL000124,
OKB00010340,OKL000253,
OKB00011527,OKL000109,
OKB00011878,OKL000058,
OKB00010902,OKL000124,
OKB00011528,OKL000106,
OKB00010905,OKL000115,
OKB00010343,OKL000130,OKL000027
OKB00011532,OKL000124,
OKB00010344,OKL000057,
OKB00010907,OKL000124,
OKB00011533,OKL000096,
OKB00010908,OKL000158,
OKB00010909,OKL000077,
OKB00010910,OKL000087,
OKB00010911,OKL000164,
OKB00010913,OKL000010,
OKB00011534,OKL000096,
OKB00011535,OKL000106,
OKB00011536,OKL000096,
OKB00011537,OKL000163,
OKB00011538,OKL000176,
OKB00010916,,
OKB00010917,OKL000065,
OKB00010919,OKL000087,
OKB00010920,OKL000115,
OKB00011542,OKL000124,
OKB00010925,OKL000077,
OKB00010926,OKL000108,
OKB00010349,OKL000092,
OKB00010350,OKL000130,OKL000027
OKB00010928,OKL000090,
OKB00010930,OKL000058,
OKB00010931,OKL000061,
OKB00011546,OKL000101,
OKB00011547,OKL000010,
OKB00010933,OKL000064,
OKB00011551,OKL000109,
OKB00011552,OKL000106,
OKB00010935,OKL000065,
OKB00010936,OKL000082,
OKB00010937,OKL000061,
OKB00010359,OKL000125,
OKB00011554,OKL000078,
OKB00011556,OKL000096,
OKB00010361,OKL000147,
OKB00011557,OKL000155,
OKB00010942,OKL000171,
OKB00010362,OKL000147,
OKB00010146,OKL000060,
OKB00011559,OKL000124,
OKB00010944,OKL000143,
OKB00010147,OKL000060,
OKB00010946,OKL000058,
OKB00010947,OKL000058,
OKB00011562,OKL000106,
OKB00010365,OKL000059,
OKB00011871,OKL000078,
OKB00010367,OKL000051,
OKB00010148,OKL000056,
OKB00010952,OKL000066,
OKB00011563,OKL000146,
OKB00010369,OKL000100,
OKB00010370,OKL000130,OKL000027
OKB00011564,OKL000109,
OKB00010371,OKL000147,
OKB00010957,OKL000164,
OKB00011567,OKL000124,
OKB00010373,OKL000253,
OKB00011568,OKL000193,
OKB00011569,OKL000056,
OKB00010089,OKL000111,
OKB00010959,OKL000164,
OKB00010377,OKL000130,OKL000027
OKB00010378,OKL000130,OKL000027
OKB00011574,OKL000106,
OKB00010964,OKL000266,
OKB00010150,OKL000126,
OKB00010379,OKL000130,OKL000027
OKB00010380,OKL000130,OKL000027
OKB00011577,OKL000064,
OKB00011578,OKL000003,
OKB00011579,OKL000084,
OKB00010968,OKL000191,
OKB00010969,OKL000130,
OKB00010383,OKL000195,
OKB00010384,OKL000194,
OKB00010151,OKL000097,
OKB00010385,OKL000253,
OKB00011582,OKL000200,
OKB00010971,OKL000171,
OKB00011583,OKL000106,
OKB00011586,OKL000101,
OKB00010386,OKL000130,OKL000027
OKB00011587,OKL000124,
OKB00010976,OKL000179,
OKB00010154,OKL000185,
OKB00011589,OKL000106,
OKB00010390,OKL000130,OKL000027
OKB00010391,OKL000130,OKL000027
OKB00010980,OKL000266,
OKB00010393,OKL000130,OKL000027
OKB00010394,OKL000130,OKL000027
OKB00010983,OKL000171,
OKB00011592,OKL000114,
OKB00010155,OKL000126,
OKB00010985,OKL000171,
OKB00010987,OKL000069,
OKB00010988,OKL000058,
OKB00010990,OKL000010,
OKB00011594,OKL000172,
OKB00010399,OKL000178,OKL000156
OKB00010994,OKL000055,
OKB00011596,OKL000078,
OKB00011597,OKL000103,
OKB00011598,OKL000124,
OKB00011599,OKL000266,
OKB00010996,OKL000064,
OKB00010997,OKL000054,
OKB00010401,OKL000130,OKL000027
OKB00010402,OKL000147,
OKB00011600,OKL000096,
OKB00011601,OKL000124,
OKB00011001,OKL000055,
OKB00011005,OKL000121,
OKB00011006,OKL000191,
OKB00011007,OKL000148,
OKB00010406,OKL000105,
OKB00011602,OKL000106,
OKB00011603,OKL000155,
OKB00011604,OKL000124,
OKB00010407,OKL000130,OKL000027
OKB00011011,OKL000140,
OKB00011012,OKL000108,
OKB00011606,OKL000253,
OKB00009991,OKL000203,
OKB00011015,OKL000065,
OKB00011607,OKL000101,
OKB00010411,OKL000130,OKL000027
OKB00011609,OKL000031,
OKB00011610,OKL000124,
OKB00011019,OKL000169,
OKB00011611,OKL000172,
OKB00010414,OKL000253,
OKB00011612,OKL000266,
OKB00010415,OKL000195,
OKB00011020,OKL000148,
OKB00011021,OKL000124,
OKB00010417,OKL000123,
OKB00011617,OKL000193,
OKB00010418,OKL000051,
OKB00011618,OKL000124,
OKB00010419,OKL000178,
OKB00009836,OKL000134,
OKB00010162,OKL000126,
OKB00011024,OKL000063,
OKB00011025,OKL000144,
OKB00010421,OKL000253,
OKB00011621,OKL000074,
OKB00011028,OKL000069,
OKB00010424,OKL000264,
OKB00011033,OKL000064,
OKB00011034,OKL000132,
OKB00010426,OKL000130,OKL000027
OKB00011625,OKL000101,
OKB00010427,OKL000130,OKL000027
OKB00010428,OKL000264,
OKB00011035,,
OKB00010429,OKL000130,OKL000027
OKB00010430,OKL000147,
OKB00010431,OKL000130,OKL000027
OKB00011037,OKL000108,
OKB00010432,OKL000261,
OKB00011038,OKL000163,
OKB00010434,OKL000130,OKL000027
OKB00011627,OKL000266,
OKB00011040,OKL000132,
OKB00011628,OKL000101,
OKB00010166,OKL000060,
OKB00009847,OKL000071,
OKB00010438,OKL000051,
OKB00011631,OKL000163,
OKB00010167,OKL000103,
OKB00011632,OKL000124,
OKB00010439,OKL000105,
OKB00011633,OKL000074,
OKB00011634,OKL000146,
OKB00011635,OKL000124,
OKB00011637,OKL000172,
OKB00011045,OKL000054,
OKB00010441,OKL000257,
OKB00011046,OKL000054,
OKB00011638,OKL000103,
OKB00010170,OKL000127,
OKB00011639,OKL000078,
OKB00010442,OKL000130,OKL000027
OKB00011640,OKL000193,
OKB00010171,OKL000071,
OKB00011051,OKL000124,
OKB00011052,OKL000148,
OKB00011641,OKL000078,
OKB00011054,OKL000266,
OKB00011056,OKL000132,
OKB00011645,OKL000124,
OKB00011058,OKL000266,
OKB00011059,OKL000107,
OKB00011061,OKL000115,
OKB00011062,OKL000065,
OKB00010445,OKL000147,
OKB00010446,OKL000186,
OKB00010447,OKL000195,
OKB00010448,OKL000147,
OKB00010449,OKL000194,
OKB00010173,OKL000165,
OKB00011063,OKL000054,
OKB00011064,OKL000058,
OKB00011649,OKL000176,
OKB00010450,OKL000057,
OKB00011650,OKL000051,
OKB00010176,OKL000081,
OKB00010452,OKL000130,OKL000027
OKB00010454,OKL000147,
OKB00011070,OKL000054,
OKB00011652,OKL000106,
OKB00011072,OKL000058,
OKB00011653,OKL000101,
OKB00010458,OKL000130,OKL000027
OKB00011654,OKL000106,
OKB00011656,OKL000121,
OKB00011077,OKL000130,
OKB00009859,OKL000175,
OKB00010462,OKL000186,
OKB00011658,OKL000124,
OKB00011659,OKL000041,
OKB00011079,OKL000061,
OKB00010464,OKL000105,
OKB00011660,OKL000084,
OKB00011080,OKL000061,
OKB00011082,OKL000266,
OKB00011662,OKL000146,
OKB00011663,OKL000125,
OKB00010465,OKL000092,
OKB00011083,OKL000082,
OKB00010466,OKL000130,OKL000027
OKB00010467,OKL000130,OKL000027
OKB00010468,OKL000130,OKL000027
OKB00011664,OKL000114,
OKB00011665,OKL000101,
OKB00011084,OKL000059,
OKB00011085,OKL000010,
OKB00011087,OKL000123,
OKB00011667,OKL000124,
OKB00011088,OKL000266,
OKB00010028,OKL000175,
OKB00011090,OKL000077,
OKB00010029,OKL000180,
OKB00011093,OKL000124,
OKB00011668,OKL000064,
OKB00010470,OKL000057,
OKB00010471,OKL000186,
OKB00010030,OKL000108,
OKB00010180,OKL000056,
OKB00011669,OKL000193,
OKB00011096,OKL000069,
OKB00010473,OKL000130,OKL000027
OKB00011670,OKL000109,
OKB00011672,OKL000124,
OKB00011099,OKL000065,
OKB00010477,OKL000130,OKL000027
OKB00011101,OKL000164,
OKB00011673,OKL000106,
OKB00011103,OKL000140,
OKB00011104,OKL000061,
OKB00011105,OKL000059,
OKB00009996,OKL000134,
OKB00011109,OKL000059,
OKB00011110,OKL000266,
OKB00010478,OKL000071,
OKB00010479,OKL000130,OKL000027
OKB00011675,OKL000124,
OKB00010480,OKL000130,OKL000027
OKB00010483,OKL000147,
OKB00011115,OKL000058,
OKB00011117,OKL000124,
OKB00011118,OKL000197,
OKB00011681,OKL000124,
OKB00011120,OKL000061,
OKB00010488,OKL000130,OKL000027
OKB00011122,OKL000058,
OKB00011124,OKL000124,
OKB00011125,OKL000124,
OKB00011126,OKL000061,
OKB00011128,OKL000171,
OKB00011682,OKL000163,
OKB00011129,OKL000266,
OKB00010492,OKL000130,OKL000027
OKB00011135,OKL000069,
OKB00010493,OKL000130,OKL000027
OKB00011683,OKL000074,
OKB00011139,OKL000087,
OKB00010497,OKL000118,
OKB00011140,OKL000063,
OKB00011141,OKL000126,
OKB00010187,OKL000134,
OKB00010066,OKL000134,
OKB00011684,OKL000166,
OKB00011144,OKL000058,
OKB00011145,OKL000144,
OKB00011146,OKL000115,
OKB00011148,OKL000124,
OKB00011150,OKL000065,
OKB00011151,OKL000169,
OKB00011152,OKL000132,
OKB00011153,,
OKB00010503,OKL000125,
OKB00011158,OKL000132,
OKB00011159,OKL000155,
OKB00011161,OKL000058,
OKB00010100,OKL000111,
OKB00011164,OKL000075,
OKB00011689,OKL000051,
OKB00011690,OKL000124,
OKB00011691,OKL000193,
OKB00011167,OKL000130,
OKB00010189,OKL000081,
OKB00011692,OKL000103,
OKB00011168,OKL000129,
OKB00011169,OKL000063,
OKB00011170,OKL000148,
OKB00011172,OKL000171,
OKB00011173,OKL000069,
OKB00011696,OKL000074,
OKB00011697,OKL000193,
OKB00011174,OKL000055,
OKB00011175,OKL000101,
OKB00011181,OKL000124,
OKB00011699,OKL000124,
OKB00011700,OKL000096,
OKB00011182,OKL000054,
OKB00011183,OKL000058,
OKB00011185,OKL000084,
OKB00011706,OKL000172,
OKB00011708,OKL000124,
OKB00011709,OKL000101,
OKB00010033,OKL000123,
OKB00011189,OKL000110,
OKB00010530,OKL000147,
OKB00011190,OKL000144,
OKB00011194,OKL000176,
OKB00011713,OKL000106,OKL000027
OKB00011714,OKL000010,
OKB00011195,OKL000126,
OKB00010070,OKL000134,
OKB00011716,OKL000101,
OKB00011717,OKL000155,
OKB00011199,,
OKB00011201,OKL000124,
OKB00011719,OKL000146,
OKB00011202,OKL000069,
OKB00011721,OKL000124,
OKB00011207,OKL000130,
OKB00011208,OKL000061,
OKB00010538,OKL000178,
OKB00011722,OKL000103,
OKB00010193,OKL000126,
OKB00010542,OKL000130,OKL000027
OKB00011724,OKL000106,
OKB00011212,OKL000115,
OKB00011726,OKL000072,
OKB00011214,OKL000173,
OKB00011215,OKL000043,
OKB00010543,OKL000165,
OKB00011216,OKL000065,
OKB00011217,OKL000130,
OKB00011727,OKL000074,
OKB00011728,OKL000096,
OKB00011729,OKL000106,
OKB00011218,OKL000175,
OKB00011730,OKL000172,
OKB00011731,OKL000106,
OKB00010546,OKL000059,
OKB00010549,OKL000105,
OKB00011219,OKL000143,
OKB00010550,OKL000194,
OKB00010551,OKL000264,
OKB00010552,OKL000130,OKL000027
OKB00010553,OKL000130,OKL000027
OKB00011221,OKL000069,
OKB00011222,OKL000132,
OKB00010554,OKL000100,
OKB00010558,OKL000130,OKL000027
OKB00011734,OKL000096,
OKB00009901,OKL000071,
OKB00010559,OKL000130,OKL000027
OKB00011226,OKL000169,
OKB00011228,OKL000173,
OKB00010564,OKL000253,
OKB00011230,OKL000123,
OKB00010565,OKL000179,
OKB00010568,OKL000056,
OKB00011741,OKL000040,
OKB00010571,OKL000118,
OKB00011236,OKL000058,
OKB00010572,OKL000261,
OKB00010573,OKL000059,
OKB00010575,OKL000147,
OKB00010576,OKL000197,
OKB00011244,OKL000101,
OKB00011745,OKL000109,
OKB00011245,OKL000129,
OKB00011246,OKL000173,
OKB00011748,OKL000078,
OKB00011247,OKL000055,
OKB00010580,OKL000147,
OKB00011249,OKL000065,
OKB00011749,OKL000124,
OKB00011751,OKL000101,
OKB00011753,OKL000021,
OKB00010583,OKL000130,OKL000027
OKB00011251,OKL000061,
OKB00010585,OKL000130,OKL000027
OKB00010586,OKL000130,OKL000027
OKB00010203,OKL000081,
OKB00011759,OKL000166,
OKB00010588,OKL000194,
OKB00011762,OKL000072,
OKB00010204,OKL000056,
OKB00010590,OKL000130,OKL000027
OKB00010591,OKL000147,
OKB00011271,OKL000129,
OKB00009918,OKL000175,
OKB00010593,OKL000092,
OKB00010205,OKL000185,
OKB00011275,OKL000179,
OKB00011769,OKL000193,
OKB00011773,OKL000155,
OKB00011774,OKL000146,
OKB00010595,OKL000130,OKL000027
OKB00011284,OKL000266,
OKB00010598,OKL000130,OKL000027
OKB00010599,OKL000059,
OKB00011776,OKL000078,
OKB00011286,OKL000140,
OKB00011287,OKL000191,
OKB00011777,OKL000146,
OKB00010601,OKL000130,OKL000027
OKB00011289,OKL000266,
OKB00011778,OKL000200,
OKB00011780,OKL000124,
OKB00011293,OKL000178,
OKB00011294,OKL000061,
OKB00010604,OKL000253,
OKB00011781,OKL000146,
OKB00011782,OKL000043,
OKB00010606,OKL000253,
OKB00010607,OKL000061,
OKB00011296,OKL000163,
OKB00011786,OKL000114,
OKB00011297,OKL000075,
OKB00011787,OKL000124,
OKB00011788,OKL000124,
OKB00011789,OKL000103,
OKB00010609,OKL000197,
OKB00011793,OKL000101,
OKB00010208,OKL000126,
OKB00011302,OKL000055,
OKB00011303,OKL000115,
OKB00011304,OKL000164,
OKB00011308,OKL000087,
OKB00010615,OKL000130,OKL000027
OKB00011797,OKL000166,
OKB00011798,OKL000172,
OKB00010075,OKL000165,
OKB00011802,OKL000193,
OKB00011803,OKL000096,
OKB00011312,OKL000125,
OKB00011804,OKL000193,
OKB00011315,OKL000124,
OKB00011316,OKL000087,
OKB00011318,OKL000058,
OKB00011805,OKL000109,
OKB00010210,OKL000185,
OKB00011319,OKL000082,
OKB00011320,OKL000110,
OKB00011321,OKL000115,
OKB00011811,OKL000074,
OKB00011322,OKL000144,
OKB00010624,OKL000130,OKL000027
OKB00011325,OKL000132,
OKB00010211,OKL000097,
OKB00011813,OKL000124,
OKB00011329,OKL000143,
OKB00010625,OKL000147,
OKB00011814,OKL000106,
OKB00010626,OKL000132,
OKB00010628,OKL000061,
OKB00011815,OKL000166,
OKB00011816,OKL000124,
OKB00010630,OKL000130,OKL000027
OKB00011819,OKL000266,
OKB00011337,OKL000113,
OKB00010634,OKL000130,OKL000027
OKB00011822,OKL000109,
OKB00010077,OKL000034,OKL000074
OKB00011339,OKL000144,
OKB00011823,OKL000193,
OKB00011824,OKL000106,
OKB00010637,OKL000130,OKL000027
OKB00011346,OKL000066,
OKB00011347,OKL000179,
OKB00011348,OKL000132,
OKB00009944,OKL000071,
OKB00011350,OKL000197,
OKB00010642,OKL000130,OKL000027
OKB00010644,OKL000130,OKL000027
OKB00010215,OKL000126,
OKB00011360,OKL000061,
OKB00010646,OKL000195,
OKB00011832,OKL000063,
OKB00011834,OKL000101,
OKB00010651,OKL000130,OKL000027
OKB00009952,OKL000019,OKL000057
OKB00011835,OKL000101,
OKB00011366,OKL000069,
OKB00011367,OKL000058,
OKB00010654,OKL000130,OKL000027
OKB00010044,OKL000123,
OKB00011373,OKL000173,
OKB00011841,OKL000114,
OKB00011374,OKL000132,
OKB00011845,OKL000101,
OKB00011376,OKL000124,
OKB00011846,OKL000193,
OKB00011847,OKL000200,
OKB00010662,OKL000130,OKL000027
OKB00010080,OKL000074,
OKB00011850,OKL000124,
OKB00009956,OKL000187,
OKB00010663,OKL000186,
OKB00010664,OKL000179,
OKB00010666,OKL000061,
OKB00010219,OKL000126,
OKB00010220,OKL000185,
OKB00011379,OKL000266,
OKB00011380,OKL000066,
OKB00011383,OKL000266,
OKB00010672,OKL000264,
OKB00010673,OKL000130,OKL000027
OKB00011385,OKL000090,
OKB00010674,OKL000130,OKL000027
OKB00010675,OKL000130,OKL000027
OKB00011852,OKL000096,
OKB00010676,OKL000261,
OKB00011854,OKL000051,
OKB00010677,OKL000194,
OKB00011390,,
OKB00010678,OKL000186,
OKB00010680,OKL000147,
OKB00010681,OKL000130,OKL000027
OKB00011393,OKL000108,
OKB00011856,OKL000124,
OKB00011394,OKL000148,
OKB00011395,OKL000266,
OKB00010045,OKL000098,
OKB00010686,OKL000147,
OKB00011858,OKL000101,
OKB00011859,OKL000124,
OKB00010688,OKL000130,OKL000027
OKB00011401,OKL000129,
OKB00011403,OKL000164,
OKB00010006,OKL000203,
OKB00010690,OKL000264,
OKB00011863,OKL000106,
OKB00009934,OKL000006,
OKB00010125,OKL000266,
OKB00011718,OKL000101,
OKB00011874,OKL000167,
OKB00011149,,
OKB00011865,,
